scientificName,decimalLongitude,decimalLatitude
Phoca vitulina,11.03203,58.82411
Phoca vitulina,-122.913772,47.111823
Phoca vitulina,11.18864,58.54697
Phoca vitulina,11.05232,58.54535
Phoca vitulina,11.91827,57.38934
Phoca vitulina,-68.898933,43.8221
Phoca vitulina,-66.084701,45.260005
Phoca vitulina,11.03096,58.58912
Phoca vitulina,-122.817744,47.717432
Phoca vitulina,-122.8263,47.343706
Phoca vitulina,-122.910247,47.642067
Phoca vitulina,-2.467,56.583
Phoca vitulina,-66.071022,45.271331
Phoca vitulina,-66.08584,45.25954
Phoca vitulina,-68.861283,44.217233
Phoca vitulina,-68.746117,44.247783
Phoca vitulina,11.93785,57.36055
Phoca vitulina,-122.671576,48.041566
Phoca vitulina,3.1245,51.317202
Phoca vitulina,-66.077674,45.269119
Phoca vitulina,16.11821,56.41163
Phoca vitulina,10.96929,58.92145
Phoca vitulina,-66.073899,45.272361
Phoca vitulina,-122.810075,47.178879
Phoca vitulina,11.34705,58.08133
Phoca vitulina,12.11821,57.19236
Phoca vitulina,10.95816,58.92966
Phoca vitulina,-67.406983,44.570633
Phoca vitulina,-69.586515,43.770988
Phoca vitulina,-69.95114,43.80256
Phoca vitulina,-71.4,41.450278
Phoca vitulina,2.3367,51.0567
Phoca vitulina,-66.071022,45.271331
Phoca vitulina,11.05793,58.54284
Phoca vitulina,-66.073899,45.272361
Phoca vitulina,3.1245,51.317202
Phoca vitulina,11.93687,57.3672
Phoca vitulina,-68.087,44.102
Phoca vitulina,-124.12667,44.03833
Phoca vitulina,-122.503783,48.298751
Phoca vitulina,2.20667,50.94124
Phoca vitulina,11.03496,58.78823
Phoca vitulina,-59.3832,47.3347
Phoca vitulina,-67.143335,44.823527
Phoca vitulina,1.5169,50.2029
Phoca vitulina,-68.714185,44.267167
Phoca vitulina,11.34348,58.08479
Phoca vitulina,2.0369,50.9986
Phoca vitulina,-122.795797,47.34344
Phoca vitulina,-69.01,43.899
Phoca vitulina,-66.073899,45.272361
Phoca vitulina,11.90191,57.38888
Phoca vitulina,10.99241,58.75795
Phoca vitulina,-66.077674,45.269119
Phoca vitulina,11.59627,57.81634
Phoca vitulina,-66.073899,45.272361
Phoca vitulina,-66.073899,45.272361
Phoca vitulina,-66.073899,45.272361
Phoca vitulina,11.63775,57.81977
Phoca vitulina,12.05531,57.26777
Phoca vitulina,-67.559708,44.490975
Phoca vitulina,11.05667,58.56836
Phoca vitulina,11.73221,57.50516
Phoca vitulina,-69.3873,43.930317
Phoca vitulina,-66.078419,45.267694
Phoca vitulina,11.94052,57.38686
Phoca vitulina,11.0126,58.83574
Phoca vitulina,11.24199,58.4698
Phoca vitulina,11.02784,58.82193
Phoca vitulina,-68.634773,44.08715
Phoca vitulina,-66.071022,45.271331
Phoca vitulina,-66.071022,45.271331
Phoca vitulina,-66.073899,45.272361
Phoca vitulina,-69.97456,43.725167
Phoca vitulina,-67.523665,44.556665
Phoca vitulina,-68.828817,44.14395
Phoca vitulina,-68.957,44.208
Phoca vitulina,-122.650012,47.177463
Phoca vitulina,4.77667,52.9975
Phoca vitulina,-66.073899,45.272361
Phoca vitulina,-122.668631,47.536333
Phoca vitulina,-122.724638,47.31069
Phoca vitulina,-69.123067,43.983633
Phoca vitulina,-68.75,44
Phoca vitulina,2.744354,51.143546
Phoca vitulina,-122.899509,48.083588
Phoca vitulina,-122.653312,47.943807
Phoca vitulina,-66.071022,45.271331
Phoca vitulina,-68.59991,44.140633
Phoca vitulina,-69.671297,43.878853
Phoca vitulina,-68.801,44.515
Phoca vitulina,-66.08584,45.25954
Phoca vitulina,-68.808,44.217233
Phoca vitulina,-170.4,57.04583
Phoca vitulina,12.05459,57.26097
Phoca vitulina,11.34192,58.08312
Phoca vitulina,-122.35279,47.874907
Phoca vitulina,-66.077674,45.269119
Phoca vitulina,-66.073899,45.272361
Phoca vitulina,-66.073899,45.272361
Phoca vitulina,-68.33615,44.18365
Phoca vitulina,12.35247,56.98495
Phoca vitulina,11.83183,57.44755
Phoca vitulina,11.127,58.82671
Phoca vitulina,11.18864,58.54697
Phoca vitulina,-67.9563,44.335
Phoca vitulina,-66.073899,45.272361
Phoca vitulina,2.892546,51.224631
Phoca vitulina,-66.073899,45.272361
Phoca vitulina,-66.073899,45.272361
Phoca vitulina,12.1943,57.14467
Phoca vitulina,-121.8341,36.87864
Phoca vitulina,19.90361,63.30278
Phoca vitulina,16.40218,56.19528
Phoca vitulina,-66.077674,45.269119
Phoca vitulina,1.5169,50.2029
Phoca vitulina,2.88119,51.219059
Phoca vitulina,-122.948364,47.112356
Phoca vitulina,-66.077674,45.269119
Phoca vitulina,-67.55417,44.528223
Phoca vitulina,-122.507119,47.841325
Phoca vitulina,-122.680924,47.243125
Phoca vitulina,-70.374577,43.46694
Phoca vitulina,-66.073899,45.272361
Phoca vitulina,-66.073899,45.272361
Phoca vitulina,-69.085,44.001017
Phoca vitulina,19.90361,63.30278
Phoca vitulina,-122.41119,48.30793
Phoca vitulina,12.1943,57.14467
Phoca vitulina,16.018,56.21141
Phoca vitulina,15.98181,56.1973
Phoca vitulina,11.18773,58.41914
Phoca vitulina,-66.073899,45.272361
Phoca vitulina,-66.077674,45.269119
Phoca vitulina,11.83094,57.44887
Phoca vitulina,2.914037,51.234701
Phoca vitulina,-68.58422,44.048823
Phoca vitulina,-70.077873,43.738338
Phoca vitulina,10.9769,58.77726
Phoca vitulina,-66.073899,45.272361
Phoca vitulina,-66.073899,45.272361
Phoca vitulina,12.05459,57.26096
Phoca vitulina,11.5944,57.84087
Phoca vitulina,-66.073899,45.272361
Phoca vitulina,-119.868161,34.406046
Phoca vitulina,10.99504,58.78256
Phoca vitulina,-66.084701,45.260005
Phoca vitulina,12.05081,57.2727
Phoca vitulina,-68.45,44.046
Phoca vitulina,11.01667,58.81969
Phoca vitulina,11.66805,57.87476
Phoca vitulina,-122.42669,47.288613
Phoca vitulina,-68.712703,44.109615
Phoca vitulina,11.87373,57.50688
Phoca vitulina,-68.978033,44.159983
Phoca vitulina,11.02621,58.81816
Phoca vitulina,-66.073899,45.272361
Phoca vitulina,11.73864,57.53284
Phoca vitulina,-119.875392,34.403153
Phoca vitulina,-68.692822,44.109327
Phoca vitulina,1.9521,50.9894
Phoca vitulina,11.09262,58.54245
Phoca vitulina,-1.5033,48.685
Phoca vitulina,12.16988,57.13969
Phoca vitulina,-66.073899,45.272361
Phoca vitulina,11.61537,57.8364
Phoca vitulina,-69.58,43.738
Phoca vitulina,-68.731533,44.270833
Phoca vitulina,-1.2516,49.4801
Phoca vitulina,-69.575562,43.79161
Phoca vitulina,11.03942,58.58432
Phoca vitulina,-122.824292,47.179413
Phoca vitulina,-64.91,43.43
Phoca vitulina,10.97932,58.77667
Phoca vitulina,11.03928,58.58686
Phoca vitulina,-68.864,44.399
Phoca vitulina,2.63119,51.122241
Phoca vitulina,-69.395267,43.916133
Phoca vitulina,11.09262,58.54245
Phoca vitulina,-122.671935,47.939615
Phoca vitulina,-122.4613,37.81219
Phoca vitulina,12.13104,57.21097
Phoca vitulina,-69.073333,43.979033
Phoca vitulina,11.04884,58.58913
Phoca vitulina,11.91072,57.38802
Phoca vitulina,-67.8496,44.447233
Phoca vitulina,-68.801,44.515
Phoca vitulina,11.82796,57.45891
Phoca vitulina,11.36032,58.2364
Phoca vitulina,-122.712815,47.30955
Phoca vitulina,11.65305,57.81126
Phoca vitulina,-71.440278,41.476389
Phoca vitulina,2.813988,51.189582
Phoca vitulina,-122.716867,47.110198
Phoca vitulina,-66.073899,45.272361
Phoca vitulina,-75.3402,37.8898
Phoca vitulina,-69.390483,43.926567
Phoca vitulina,-67.699043,44.508048
Phoca vitulina,2.0369,50.9986
Phoca vitulina,-122.569872,47.845496
Phoca vitulina,11.75168,57.52354
Phoca vitulina,11.04535,58.5658
Phoca vitulina,-66.073899,45.272361
Phoca vitulina,-68.487435,44.402815
Phoca vitulina,-66.077674,45.269119
Phoca vitulina,-66.073899,45.272361
Phoca vitulina,12.1943,57.14467
Phoca vitulina,16.51103,56.28665
Phoca vitulina,-122.698803,48.141848
Phoca vitulina,-67.863567,44.365283
Phoca vitulina,-69.2892,43.88625
Phoca vitulina,2.3367,51.0567
Phoca vitulina,-69.340383,43.854533
Phoca vitulina,-122.438808,47.278484
Phoca vitulina,2.744354,51.143546
Phoca vitulina,-122.406685,48.144943
Phoca vitulina,-68.7989,44.206233
Phoca vitulina,11.36236,58.25428
Phoca vitulina,16.16313,56.47837
Phoca vitulina,-68.928,44.351
Phoca vitulina,-69.40205,44.023183
Phoca vitulina,-69.980518,43.817078
Phoca vitulina,1.5476,50.2583
Phoca vitulina,-122.739993,47.146952
Phoca vitulina,11.0712,58.55252
Phoca vitulina,-66.073899,45.272361
Phoca vitulina,11.34755,58.22338
Phoca vitulina,-68.136,44.104
Phoca vitulina,-68.787,44.219
Phoca vitulina,-69.594075,43.799325
Phoca vitulina,11.06983,58.56866
Phoca vitulina,-66.084701,45.260005
Phoca vitulina,-66.071022,45.271331
Phoca vitulina,-68.828583,44.290383
Phoca vitulina,2.3367,51.0567
Phoca vitulina,-66.073899,45.272361
Phoca vitulina,-65.2898,43.662
Phoca vitulina,11.34109,58.08613
Phoca vitulina,-66.077674,45.269119
Phoca vitulina,-66.071022,45.271331
Phoca vitulina,10.97932,58.77667
Phoca vitulina,-68.840883,44.260633
Phoca vitulina,-66.073899,45.272361
Phoca vitulina,-122.59174,47.20948
Phoca vitulina,-66.073899,45.272361
Phoca vitulina,-67.71225,44.437367
Phoca vitulina,15.97173,56.17907
Phoca vitulina,-66.073899,45.272361
Phoca vitulina,-66.071022,45.271331
Phoca vitulina,-119.875375,34.406974
Phoca vitulina,-119.873643,34.405965
Phoca vitulina,-66.073899,45.272361
Phoca vitulina,-66.077674,45.269119
Phoca vitulina,-124.18667,47.04833
Phoca vitulina,-136.5815,58.0183
Phoca vitulina,-66.073899,45.272361
Phoca vitulina,-5.81692,55.86067
Phoca vitulina,-122.3783,37.8289
Phoca vitulina,-66.073899,45.272361
Phoca vitulina,11.82735,57.45839
Phoca vitulina,2.744354,51.143546
Phoca vitulina,-66.071022,45.271331
Phoca vitulina,-66.073899,45.272361
Phoca vitulina,11.75844,57.5225
Phoca vitulina,3.258014,51.346506
Phoca vitulina,-66.073899,45.272361
Phoca vitulina,11.35062,58.28418
Phoca vitulina,-68.8048,44.182433
Phoca vitulina,-68.94255,44.198467
Phoca vitulina,10.97932,58.77667
Phoca vitulina,1.5169,50.2029
Phoca vitulina,-66.08787,45.258933
Phoca vitulina,-66.073899,45.272361
Phoca vitulina,-66.077674,45.269119
Phoca vitulina,1.6624,50.8895
Phoca vitulina,-120.0333,33.9
Phoca vitulina,-67.11311,44.873275
Phoca vitulina,10.96929,58.92145
Phoca vitulina,-68.440462,44.231247
Phoca vitulina,-68.613892,44.15977
Phoca vitulina,3.028073,51.278989
Phoca vitulina,-6.217,58.5
Phoca vitulina,-67.984,44.37
Phoca vitulina,-68.897167,44.066933
Phoca vitulina,-122.945729,48.111357
Phoca vitulina,-122.296794,47.952531
Phoca vitulina,2.696348,51.143694
Phoca vitulina,12.05531,57.26777
Phoca vitulina,11.63189,57.62781
Phoca vitulina,11.85492,57.37359
Phoca vitulina,11.34224,58.28689
Phoca vitulina,11.34594,58.08302
Phoca vitulina,16.384,56.41867
Phoca vitulina,-66.073899,45.272361
Phoca vitulina,-66.7407,44.875
Phoca vitulina,3.1245,51.317202
Phoca vitulina,-71.336389,41.458611
Phoca vitulina,-68.590112,44.223882
Phoca vitulina,-66.077674,45.269119
Phoca vitulina,-122.873168,47.713466
Phoca vitulina,-122.353977,47.432004
Phoca vitulina,-69.25165,43.90865
Phoca vitulina,11.74273,57.53232
Phoca vitulina,11.0346,58.53654
Phoca vitulina,-66.071022,45.271331
Phoca vitulina,-122.574066,47.238114
Phoca vitulina,12.05126,57.26028
Phoca vitulina,10.99064,58.7842
Phoca vitulina,3.168542,51.331082
Phoca vitulina,-66.073899,45.272361
Phoca vitulina,11.34526,58.29048
Phoca vitulina,-144.3127,60.0875
Phoca vitulina,-122.845547,47.741508
Phoca vitulina,-66.073899,45.272361
Phoca vitulina,-122.707781,47.311517
Phoca vitulina,-69.690902,43.916633
Phoca vitulina,3.077772,51.302658
Phoca vitulina,-66.071022,45.271331
Phoca vitulina,-68.168,44.136
Phoca vitulina,-119.87455,34.405265
Phoca vitulina,11.01859,58.82113
Phoca vitulina,15.97173,56.17907
Phoca vitulina,-71.500278,41.367778
Phoca vitulina,11.06964,58.85041
Phoca vitulina,-66.077674,45.269119
Phoca vitulina,-68.684228,44.0708
Phoca vitulina,-122.593035,47.946035
Phoca vitulina,12.54967,56.43114
Phoca vitulina,-122.67133,47.950407
Phoca vitulina,-66.071022,45.271331
Phoca vitulina,11.82738,57.4576
Phoca vitulina,2.956873,51.249204
Phoca vitulina,16.14858,56.47264
Phoca vitulina,-122.825395,47.110341
Phoca vitulina,-66.073899,45.272361
Phoca vitulina,-63.5339,44.5857
Phoca vitulina,-122.478383,47.343338
Phoca vitulina,11.83094,57.44887
Phoca vitulina,11.831,57.44962
Phoca vitulina,-122.342392,47.910798
Phoca vitulina,11.831,57.44962
Phoca vitulina,-66.073899,45.272361
Phoca vitulina,-66.071022,45.271331
Phoca vitulina,-122.712992,47.113225
Phoca vitulina,-66.073899,45.272361
Phoca vitulina,-119.868923,34.405714
Phoca vitulina,-122.508436,47.87752
Phoca vitulina,-66.073899,45.272361
Phoca vitulina,11.15347,58.54536
Phoca vitulina,16.1756,56.49068
Phoca vitulina,11.33647,58.27212
Phoca vitulina,-69.233817,43.909583
Phoca vitulina,-68.8179,44.20595
Phoca vitulina,0.2118,49.4241
Phoca vitulina,11.29201,58.30524
Phoca vitulina,-66.073899,45.272361
Phoca vitulina,-69.618555,43.752597
Phoca vitulina,-66.073899,45.272361
Phoca vitulina,-66.073899,45.272361
Phoca vitulina,-69.340383,43.854533
Phoca vitulina,-66.731,44.7907
Phoca vitulina,-69.073608,43.965552
Phoca vitulina,-122.724008,48.020268
Phoca vitulina,-50.8667,53.05
Phoca vitulina,-66.073899,45.272361
Phoca vitulina,-66.073899,45.272361
Phoca vitulina,-122.405657,48.175237
Phoca vitulina,-69.01,43.899
Phoca vitulina,11.08436,58.53058
Phoca vitulina,-66.073899,45.272361
Phoca vitulina,-122.892087,47.410562
Phoca vitulina,2.696348,51.143694
Phoca vitulina,-66.073899,45.272361
Phoca vitulina,3.08,56.9
Phoca vitulina,-67.481885,44.562207
Phoca vitulina,3.2836,51.351
Phoca vitulina,11.34728,58.26903
Phoca vitulina,11.0346,58.53654
Phoca vitulina,-122.488138,48.109695
Phoca vitulina,15.97173,56.17907
Phoca vitulina,-119.880367,34.406307
Phoca vitulina,-136.0422,58.7065
Phoca vitulina,-66.073899,45.272361
Phoca vitulina,11.68105,57.78279
Phoca vitulina,-68.79185,44.016933
Phoca vitulina,0.0877,49.3768
Phoca vitulina,-66.08584,45.25954
Phoca vitulina,-66.084701,45.260005
Phoca vitulina,16.51103,56.28665
Phoca vitulina,4.273813,51.31094
Phoca vitulina,-122.737067,47.208107
Phoca vitulina,-122.91569,47.643682
Phoca vitulina,11.34676,58.22183
Phoca vitulina,-122.632015,47.13965
Phoca vitulina,11.33896,58.27305
Phoca vitulina,-66.073899,45.272361
Phoca vitulina,-66.08787,45.258933
Phoca vitulina,11.05029,58.82747
Phoca vitulina,-10.035923,54.183427
Phoca vitulina,11.90666,57.38752
Phoca vitulina,11.90191,57.38888
Phoca vitulina,-66.077674,45.269119
Phoca vitulina,1.6055,50.2341
Phoca vitulina,-8.543849,51.695692
Phoca vitulina,10.98206,58.93372
Phoca vitulina,-66.073899,45.272361
Phoca vitulina,-66.073899,45.272361
Phoca vitulina,-68.208887,44.42168
Phoca vitulina,11.34543,58.23201
Phoca vitulina,11.1787,58.54237
Phoca vitulina,-66.073899,45.272361
Phoca vitulina,-69.5691,43.887562
Phoca vitulina,1.6269,50.1903
Phoca vitulina,-66.073899,45.272361
Phoca vitulina,12.05228,57.26027
Phoca vitulina,-68.33615,44.18365
Phoca vitulina,-66.071022,45.271331
Phoca vitulina,-122.837026,47.71062
Phoca vitulina,10.86604,58.97002
Phoca vitulina,11.35991,58.2537
Phoca vitulina,-66.084701,45.260005
Phoca vitulina,-68.419,44.058
Phoca vitulina,-119.3191,34.277
Phoca vitulina,11.90803,57.38642
Phoca vitulina,-68.885767,44.190702
Phoca vitulina,16.16313,56.47837
Phoca vitulina,-122.682955,48.045478
Phoca vitulina,-68.738717,44.246417
Phoca vitulina,-122.539645,48.239538
Phoca vitulina,10.99165,58.94827
Phoca vitulina,16.14858,56.47264
Phoca vitulina,-68.8048,44.182433
Phoca vitulina,-69.684138,43.86906
Phoca vitulina,-122.44697,37.93903
Phoca vitulina,11.04984,58.57441
Phoca vitulina,-68.824083,44.214933
Phoca vitulina,-66.084701,45.260005
Phoca vitulina,11.64028,57.82185
Phoca vitulina,-66.073899,45.272361
Phoca vitulina,-122.6542,47.539458
Phoca vitulina,-66.073899,45.272361
Phoca vitulina,-68.63418,44.119047
Phoca vitulina,11.90191,57.38888
Phoca vitulina,-68.423,44.236
Phoca vitulina,-122.380574,47.498965
Phoca vitulina,11.34441,58.10013
Phoca vitulina,-69.184033,43.976517
Phoca vitulina,-66.073899,45.272361
Phoca vitulina,11.17462,58.51564
Phoca vitulina,16.40218,56.19528
Phoca vitulina,11.82785,57.45714
Phoca vitulina,-66.071022,45.271331
Phoca vitulina,11.02584,58.81746
Phoca vitulina,-122.427566,47.279755
Phoca vitulina,-70.503368,43.337023
Phoca vitulina,11.0791,58.55567
Phoca vitulina,-66.08787,45.258933
Phoca vitulina,11.30731,58.29964
Phoca vitulina,-9.799321,51.766773
Phoca vitulina,-122.890038,47.677751
Phoca vitulina,-119.879299,34.403825
Phoca vitulina,-66.073899,45.272361
Phoca vitulina,-68.74108,44.429505
Phoca vitulina,11.75894,57.52016
Phoca vitulina,11.02479,58.53813
Phoca vitulina,11.34575,58.08209
Phoca vitulina,-67.426917,44.594442
Phoca vitulina,16.16313,56.47837
Phoca vitulina,-66.077674,45.269119
Phoca vitulina,-70.480395,43.335657
Phoca vitulina,-68.979633,44.183367
Phoca vitulina,-66.073899,45.272361
Phoca vitulina,12.80907,55.36583
Phoca vitulina,1.5502,50.3504
Phoca vitulina,-68.438843,44.040958
Phoca vitulina,-122.831467,47.777036
Phoca vitulina,-66.071022,45.271331
Phoca vitulina,-68.94645,44.21795
Phoca vitulina,-67.816,44.524
Phoca vitulina,-66.073899,45.272361
Phoca vitulina,-9.029132,52.677548
Phoca vitulina,-68.33615,44.18365
Phoca vitulina,2.3367,51.0567
Phoca vitulina,-72.076944,41.512778
Phoca vitulina,1.747,50.9445
Phoca vitulina,-122.513537,47.310125
Phoca vitulina,-66.071022,45.271331
Phoca vitulina,12.55067,56.42933
Phoca vitulina,-119.870017,34.406015
Phoca vitulina,-69.0549,44.012467
Phoca vitulina,-68.453044,44.190255
Phoca vitulina,11.13188,58.82436
Phoca vitulina,-67.574707,44.50575
Phoca vitulina,11.34575,58.08209
Phoca vitulina,-122.749917,48.142397
Phoca vitulina,11.46866,57.91675
Phoca vitulina,12.51873,56.83288
Phoca vitulina,2.5269,51.083
Phoca vitulina,-122.915694,47.644137
Phoca vitulina,-68.34,44.16
Phoca vitulina,-66.073899,45.272361
Phoca vitulina,11.18864,58.54697
Phoca vitulina,2.588026,51.104404
Phoca vitulina,11.00163,58.84225
Phoca vitulina,11.34575,58.08209
Phoca vitulina,-69.0699,44.002817
Phoca vitulina,14.83,68.2
Phoca vitulina,-69.721565,43.760953
Phoca vitulina,-66.084701,45.260005
Phoca vitulina,12.15524,57.14088
Phoca vitulina,-65.38,43.48
Phoca vitulina,11.34594,58.08302
Phoca vitulina,12.05081,57.2727
Phoca vitulina,-68.550952,44.05286
Phoca vitulina,11.08436,58.53058
Phoca vitulina,-66.073899,45.272361
Phoca vitulina,11.33622,58.27086
Phoca vitulina,11.01667,58.81969
Phoca vitulina,-122.708758,47.273872
Phoca vitulina,-66.077674,45.269119
Phoca vitulina,-66.073899,45.272361
Phoca vitulina,-66.073899,45.272361
Phoca vitulina,-67.059372,44.8873
Phoca vitulina,-68.304267,44.2257
Phoca vitulina,12.1943,57.14467
Phoca vitulina,-66.073899,45.272361
Phoca vitulina,11.02768,58.81881
Phoca vitulina,-122.784245,47.677979
Phoca vitulina,10.99504,58.78256
Phoca vitulina,-67.607478,44.473642
Phoca vitulina,-66.073899,45.272361
Phoca vitulina,15.97638,56.19688
Phoca vitulina,-67.391,44.277
Phoca vitulina,-122.641547,48.143247
Phoca vitulina,-68.66075,44.03837
Phoca vitulina,-67.888306,44.421444
Phoca vitulina,10.99064,58.7842
Phoca vitulina,-66.073899,45.272361
Phoca vitulina,-122.722447,47.180763
Phoca vitulina,11.03454,58.53755
Phoca vitulina,1.5502,50.3504
Phoca vitulina,-66.087928,45.264237
Phoca vitulina,2.766666667,51.16666667
Phoca vitulina,-67.5,44.2667
Phoca vitulina,-122.959066,47.612793
Phoca vitulina,15.96139,56.19057
Phoca vitulina,-66.073899,45.272361
Phoca vitulina,-66.084701,45.260005
Phoca vitulina,12.13104,57.21097
Phoca vitulina,-122.834914,47.677658
Phoca vitulina,-66.084701,45.260005
Phoca vitulina,11.08283,58.53199
Phoca vitulina,11.08436,58.53058
Phoca vitulina,-68.583423,44.055525
Phoca vitulina,-170.4,57.04583
Phoca vitulina,3.168542,51.331082
Phoca vitulina,11.35994,58.25166
Phoca vitulina,11.00163,58.84225
Phoca vitulina,2.813988,51.189582
Phoca vitulina,-66.071022,45.271331
Phoca vitulina,-122.849764,47.680017
Phoca vitulina,11.07856,58.53514
Phoca vitulina,11.07856,58.53514
Phoca vitulina,-9.977337,53.56341
Phoca vitulina,-66.08584,45.25954
Phoca vitulina,10.98007,58.77428
Phoca vitulina,-122.827968,47.111697
Phoca vitulina,12.14038,57.16996
Phoca vitulina,-66.073899,45.272361
Phoca vitulina,11.82785,57.45714
Phoca vitulina,11.61022,57.83332
Phoca vitulina,11.08614,58.54154
Phoca vitulina,11.0561,58.83604
Phoca vitulina,-67.115642,44.915072
Phoca vitulina,2.3367,51.0567
Phoca vitulina,-122.484348,48.34273
Phoca vitulina,-68.590112,44.223882
Phoca vitulina,11.61487,57.83606
Phoca vitulina,11.3398,58.28359
Phoca vitulina,11.83183,57.44755
Phoca vitulina,12.4,66.13
Phoca vitulina,-66.073899,45.272361
Phoca vitulina,-66.071022,45.271331
Phoca vitulina,11.06044,58.5484
Phoca vitulina,-122.839607,47.711882
Phoca vitulina,10.99064,58.7842
Phoca vitulina,-161.75,58.58333
Phoca vitulina,-0.4524,49.3355
Phoca vitulina,-9.988681,54.188709
Phoca vitulina,-71.400556,41.49
Phoca vitulina,-66.077674,45.269119
Phoca vitulina,11.02844,58.82284
Phoca vitulina,1.4449,50.1017
Phoca vitulina,-68.775917,43.867367
Phoca vitulina,-122.869237,47.670751
Phoca vitulina,11.83258,57.44617
Phoca vitulina,-68.8137,44.209117
Phoca vitulina,-68.763667,44.370567
Phoca vitulina,12.55024,56.43268
Phoca vitulina,-68.753917,44.25555
Phoca vitulina,12.05459,57.26097
Phoca vitulina,11.01155,58.83714
Phoca vitulina,-122.491476,47.31042
Phoca vitulina,-68.432478,44.22675
Phoca vitulina,15.96986,56.1933
Phoca vitulina,-68.498975,44.409793
Phoca vitulina,-122.554474,47.978541
Phoca vitulina,-66.077674,45.269119
Phoca vitulina,15.97654,56.18542
Phoca vitulina,-76.4117,72.7985
Phoca vitulina,11.04004,58.54071
Phoca vitulina,17.98,69.87
Phoca vitulina,-66.077674,45.269119
Phoca vitulina,-66.071022,45.271331
Phoca vitulina,-70.531567,43.333423
Phoca vitulina,12.17088,57.13773
Phoca vitulina,-68.8298,44.236133
Phoca vitulina,-69.229,43.794
Phoca vitulina,-9.61776,53.86616
Phoca vitulina,11.76934,57.66943
Phoca vitulina,11.08004,58.55215
Phoca vitulina,11.35814,58.25158
Phoca vitulina,11.73221,57.50516
Phoca vitulina,-66.073899,45.272361
Phoca vitulina,-68.928,44.005
Phoca vitulina,12.80907,55.36583
Phoca vitulina,-66.073899,45.272361
Phoca vitulina,-122.918215,47.18958
Phoca vitulina,11.02592,58.58744
Phoca vitulina,11.74711,57.53144
Phoca vitulina,16.384,56.41867
Phoca vitulina,-66.073899,45.272361
Phoca vitulina,-66.073899,45.272361
Phoca vitulina,-68.151062,44.451672
Phoca vitulina,-68.8114,44.2273
Phoca vitulina,11.18342,58.54662
Phoca vitulina,-68.328662,44.16099
Phoca vitulina,-122.863489,47.644325
Phoca vitulina,-66.073899,45.272361
Phoca vitulina,-122.613162,47.676184
Phoca vitulina,-68.782,43.991
Phoca vitulina,-67.481885,44.562207
Phoca vitulina,16.64088,56.52244
Phoca vitulina,11.34583,58.08254
Phoca vitulina,11.34192,58.08312
Phoca vitulina,-122.343712,47.875252
Phoca vitulina,2.4853,51.0713
Phoca vitulina,11.34594,58.08302
Phoca vitulina,-68.8058,44.187033
Phoca vitulina,-66.073899,45.272361
Phoca vitulina,11.72104,57.50366
Phoca vitulina,-122.498712,48.309153
Phoca vitulina,-68.932259,44.317057
Phoca vitulina,-68.475928,44.095145
Phoca vitulina,-68.443856,44.191117
Phoca vitulina,-121.975,36.3667
Phoca vitulina,-9.570488,51.601952
Phoca vitulina,2.63119,51.122241
Phoca vitulina,-66.087928,45.264237
Phoca vitulina,11.03539,58.54796
Phoca vitulina,11.04984,58.57441
Phoca vitulina,10.98944,58.77745
Phoca vitulina,-119.87913,34.40555
Phoca vitulina,-69.341683,43.873483
Phoca vitulina,1.5447,50.3165
Phoca vitulina,-66.073899,45.272361
Phoca vitulina,-68.453044,44.190255
Phoca vitulina,11.60308,57.81933
Phoca vitulina,-122.827031,47.713706
Phoca vitulina,-122.897911,48.116255
Phoca vitulina,-66.08584,45.25954
Phoca vitulina,-71.475556,41.395
Phoca vitulina,-67.101985,44.9042
Phoca vitulina,-157.62833,56.50667
Phoca vitulina,10.95808,58.92864
Phoca vitulina,15.98181,56.1973
Phoca vitulina,-69.770825,43.749063
Phoca vitulina,11.02575,58.82151
Phoca vitulina,-69.31,43.84
Phoca vitulina,-122.548727,48.241863
Phoca vitulina,-68.566537,44.099537
Phoca vitulina,-67.83493,44.181
Phoca vitulina,11.59247,57.83186
Phoca vitulina,23.22,70.8
Phoca vitulina,11.35673,58.28296
Phoca vitulina,-122.810063,47.676997
Phoca vitulina,11.1801,58.53866
Phoca vitulina,-66.087928,45.264237
Phoca vitulina,11.03454,58.53755
Phoca vitulina,-122.805127,47.344662
Phoca vitulina,11.75894,57.52016
Phoca vitulina,11.29279,58.30219
Phoca vitulina,-6.104208,54.033844
Phoca vitulina,16.16313,56.47837
Phoca vitulina,-122.743559,48.144233
Phoca vitulina,2.63119,51.122241
Phoca vitulina,11.59278,57.83299
Phoca vitulina,-119.877208,34.406144
Phoca vitulina,1.5169,50.2029
Phoca vitulina,-122.691282,48.105225
Phoca vitulina,-66.073899,45.272361
Phoca vitulina,-66.073899,45.272361
Phoca vitulina,-66.073899,45.272361
Phoca vitulina,2.3367,51.0567
Phoca vitulina,11.05168,58.5839
Phoca vitulina,-68.862567,43.860083
Phoca vitulina,-122.727235,47.109732
Phoca vitulina,-68.414185,44.100688
Phoca vitulina,-68.2841,44.1446
Phoca vitulina,-69.416083,43.879183
Phoca vitulina,11.03804,58.57838
Phoca vitulina,-122.585223,47.93846
Phoca vitulina,-69.910986,43.814323
Phoca vitulina,-68.556648,44.046012
Phoca vitulina,-68.436662,44.188098
Phoca vitulina,-66.073899,45.272361
Phoca vitulina,11.82738,57.4576
Phoca vitulina,-122.56531,47.232947
Phoca vitulina,-67.538567,44.516842
Phoca vitulina,-68.204875,44.485173
Phoca vitulina,-66.087928,45.264237
Phoca vitulina,10.82675,58.99835
Phoca vitulina,-66.073899,45.272361
Phoca vitulina,-124.16,46.25
Phoca vitulina,-122.62438,48.275187
Phoca vitulina,10.82158,58.98497
Phoca vitulina,-69.94637,43.782572
Phoca vitulina,11.04441,58.82284
Phoca vitulina,12.05466,57.26156
Phoca vitulina,-68.75855,44.320867
Phoca vitulina,-122.66193,47.277648
Phoca vitulina,2.744354,51.143546
Phoca vitulina,-122.905341,47.141646
Phoca vitulina,-122.400694,48.109296
Phoca vitulina,-66.087928,45.264237
Phoca vitulina,-122.663451,47.216044
Phoca vitulina,10.82675,58.99835
Phoca vitulina,-68.457739,44.191549
Phoca vitulina,-66.071022,45.271331
Phoca vitulina,-70.75,42.25
Phoca vitulina,-68.885767,44.190702
Phoca vitulina,11.04342,58.82411
Phoca vitulina,-66.071022,45.271331
Phoca vitulina,-68.582568,44.245385
Phoca vitulina,-124.68,47.85
Phoca vitulina,11.74273,57.53232
Phoca vitulina,-122.466014,48.078013
Phoca vitulina,-122.821493,47.179531
Phoca vitulina,-68.622185,44.012415
Phoca vitulina,-122.668136,47.976725
Phoca vitulina,2.76361,51.64985
Phoca vitulina,-119.877207,34.405001
Phoca vitulina,10.82675,58.99835
Phoca vitulina,-68.605,43.978
Phoca vitulina,-122.912283,47.078925
Phoca vitulina,-67.539673,44.520227
Phoca vitulina,11.87373,57.50688
Phoca vitulina,-68.729,44.259
Phoca vitulina,11.03312,58.53279
Phoca vitulina,-66.071022,45.271331
Phoca vitulina,-69.354833,43.8786
Phoca vitulina,-122.538261,48.344601
Phoca vitulina,-122.695482,47.110705
Phoca vitulina,11.00537,58.8413
Phoca vitulina,-66.073899,45.272361
Phoca vitulina,-75.47976,35.48082
Phoca vitulina,-68.791167,44.0461
Phoca vitulina,11.04751,58.55673
Phoca vitulina,11.34814,58.29337
Phoca vitulina,-67.703983,44.460333
Phoca vitulina,-67.574707,44.50575
Phoca vitulina,2.861989,51.210074
Phoca vitulina,-124.64167,43.2
Phoca vitulina,1.5557,50.4013
Phoca vitulina,-66.071022,45.271331
Phoca vitulina,11.03884,58.57733
Phoca vitulina,-2,58.26667
Phoca vitulina,-119.874789,34.405459
Phoca vitulina,-122.474345,48.341076
Phoca vitulina,-122.888097,47.175103
Phoca vitulina,-122.507718,47.974578
Phoca vitulina,-119.877121,34.404275
Phoca vitulina,-1.5278,48.7287
Phoca vitulina,11.85492,57.37359
Phoca vitulina,-69.317983,43.850933
Phoca vitulina,-66.071022,45.271331
Phoca vitulina,2.3367,51.0567
Phoca vitulina,11.83258,57.44617
Phoca vitulina,-1.6099,49.0993
Phoca vitulina,-67.569673,44.504883
Phoca vitulina,11.03213,58.53617
Phoca vitulina,12.1943,57.14467
Phoca vitulina,11.02347,58.58735
Phoca vitulina,3.139708,51.320585
Phoca vitulina,-122.543077,47.279566
Phoca vitulina,-66.071022,45.271331
Phoca vitulina,-122.570555,47.239931
Phoca vitulina,-119.877994,34.405372
Phoca vitulina,-66.071022,45.271331
Phoca vitulina,-122.51673,48.33637
Phoca vitulina,15.97173,56.17907
Phoca vitulina,11.06439,58.56944
Phoca vitulina,11.93687,57.3672
Phoca vitulina,2.744354,51.143546
Phoca vitulina,-118.504483,32.954
Phoca vitulina,11.02427,58.57864
Phoca vitulina,11.63974,57.82361
Phoca vitulina,11.60308,57.81933
Phoca vitulina,-70.040063,43.72056
Phoca vitulina,12.05467,57.26156
Phoca vitulina,-66.077674,45.269119
Phoca vitulina,-68.301,44.249
Phoca vitulina,-122.496089,47.311254
Phoca vitulina,-71.309167,41.72
Phoca vitulina,-66.073899,45.272361
Phoca vitulina,-133.6827,57.7482
Phoca vitulina,-68.976,44.286
Phoca vitulina,-122.87619,48.051244
Phoca vitulina,-66.073899,45.272361
Phoca vitulina,-66.073899,45.272361
Phoca vitulina,1.5722,50.4583
Phoca vitulina,11.74558,57.53179
Phoca vitulina,1.6055,50.2341
Phoca vitulina,11.04503,58.59557
Phoca vitulina,-122.98217,47.610653
Phoca vitulina,4.17273,51.09413
Phoca vitulina,-68.664648,44.006645
Phoca vitulina,2.772893,51.172143
Phoca vitulina,11.07573,58.55648
Phoca vitulina,12.11821,57.19236
Phoca vitulina,-67.704883,44.4829
Phoca vitulina,11.64095,57.64891
Phoca vitulina,-66.073899,45.272361
Phoca vitulina,10.98732,58.76029
Phoca vitulina,-69.151,43.974
Phoca vitulina,-122.921463,47.607872
Phoca vitulina,-66.073899,45.272361
Phoca vitulina,2.3367,51.0567
Phoca vitulina,-66.073899,45.272361
Phoca vitulina,11.18342,58.54662
Phoca vitulina,10.97932,58.77667
Phoca vitulina,-68.65,44.033
Phoca vitulina,-67.647144,44.500557
Phoca vitulina,-68.8298,44.236133
Phoca vitulina,-122.394512,48.175255
Phoca vitulina,11.03496,58.78823
Phoca vitulina,11.08039,58.55164
Phoca vitulina,-66.077674,45.269119
Phoca vitulina,-66.078419,45.267694
Phoca vitulina,-66.073899,45.272361
Phoca vitulina,-67.571183,44.514177
Phoca vitulina,2.892546,51.224631
Phoca vitulina,10.86604,58.97002
Phoca vitulina,10.99504,58.78256
Phoca vitulina,11.61315,57.84373
Phoca vitulina,11.02784,58.82193
Phoca vitulina,16.384,56.41867
Phoca vitulina,-70.983,42.367
Phoca vitulina,11.76934,57.66943
Phoca vitulina,-68.546858,44.180403
Phoca vitulina,-66.071022,45.271331
Phoca vitulina,11.06983,58.56866
Phoca vitulina,-66.073899,45.272361
Phoca vitulina,11.0522,58.58748
Phoca vitulina,-66.073899,45.272361
Phoca vitulina,-67.168498,44.891797
Phoca vitulina,-69.085,44.001017
Phoca vitulina,-66.071022,45.271331
Phoca vitulina,-68.133997,44.463607
Phoca vitulina,-68.55905,44.16847
Phoca vitulina,-68.362,44.164
Phoca vitulina,-68.50909,44.185078
Phoca vitulina,11.88217,57.50571
Phoca vitulina,12.13608,57.18517
Phoca vitulina,-122.51427,47.308885
Phoca vitulina,-119.50589,33.983592
Phoca vitulina,-67.984,44.37
Phoca vitulina,-122.515826,48.143831
Phoca vitulina,-67.569673,44.504883
Phoca vitulina,-122.611467,47.941329
Phoca vitulina,-66.071022,45.271331
Phoca vitulina,-122.349808,47.843928
Phoca vitulina,-122.52949,48.108727
Phoca vitulina,10.97541,58.84589
Phoca vitulina,-68.486833,44.405623
Phoca vitulina,12.15524,57.14088
Phoca vitulina,11.34755,58.22338
Phoca vitulina,-122.692539,47.144442
Phoca vitulina,-122.327163,48.074095
Phoca vitulina,-119.88005,34.406051
Phoca vitulina,-66.073899,45.272361
Phoca vitulina,-68.7989,44.206233
Phoca vitulina,-122.682644,47.275252
Phoca vitulina,-122.579245,48.425308
Phoca vitulina,-67.566553,44.497318
Phoca vitulina,-68.82749,44.188293
Phoca vitulina,11.831,57.44962
Phoca vitulina,15.97654,56.18542
Phoca vitulina,11.61487,57.83606
Phoca vitulina,-66.073899,45.272361
Phoca vitulina,-119.4555,34.0205
Phoca vitulina,-122.872005,47.709713
Phoca vitulina,11.04751,58.55673
Phoca vitulina,11.73221,57.50516
Phoca vitulina,-122.81313,47.719573
Phoca vitulina,-122.676412,47.243725
Phoca vitulina,1.5502,50.3504
Phoca vitulina,-66.077674,45.269119
Phoca vitulina,-66.077674,45.269119
Phoca vitulina,11.03485,58.53864
Phoca vitulina,11.1787,58.54237
Phoca vitulina,11.36236,58.25428
Phoca vitulina,11.09262,58.54245
Phoca vitulina,-122.459001,47.725099
Phoca vitulina,-67.566553,44.497318
Phoca vitulina,-122.459897,48.27578
Phoca vitulina,10.83083,58.99109
Phoca vitulina,-68.86128,43.867082
Phoca vitulina,-68.726517,44.01455
Phoca vitulina,4.579898,51.134894
Phoca vitulina,11.33314,58.27196
Phoca vitulina,1.6055,50.2341
Phoca vitulina,-68.59681,44.061072
Phoca vitulina,-66.078419,45.267694
Phoca vitulina,11.34472,58.28262
Phoca vitulina,11.06983,58.56866
Phoca vitulina,-66.073899,45.272361
Phoca vitulina,-66.073899,45.272361
Phoca vitulina,12.05228,57.26027
Phoca vitulina,-119.878774,34.404733
Phoca vitulina,11.35801,58.23631
Phoca vitulina,25.15,71.33
Phoca vitulina,11.35062,58.28418
Phoca vitulina,-66.08584,45.25954
Phoca vitulina,-66.073899,45.272361
Phoca vitulina,-66.073899,45.272361
Phoca vitulina,-66.073899,45.272361
Phoca vitulina,-68.368327,44.139412
Phoca vitulina,-68.791167,44.0461
Phoca vitulina,-122.794651,47.786864
Phoca vitulina,-139.554167,59.9605
Phoca vitulina,7.887592019,54.15673644
Phoca vitulina,-68.444849,44.187594
Phoca vitulina,10.9769,58.77726
Phoca vitulina,-122.787062,47.803001
Phoca vitulina,-122.377225,48.176371
Phoca vitulina,11.34755,58.22338
Phoca vitulina,-67.539877,44.475842
Phoca vitulina,11.0374,58.82436
Phoca vitulina,2.63119,51.122241
Phoca vitulina,-66.073899,45.272361
Phoca vitulina,-66.087928,45.264237
Phoca vitulina,11.73631,57.53351
Phoca vitulina,16.51103,56.28665
Phoca vitulina,4.301646,51.257994
Phoca vitulina,-123.0333,38.1167
Phoca vitulina,2.588026,51.104404
Phoca vitulina,11.08683,58.7424
Phoca vitulina,-122.929377,47.398246
Phoca vitulina,11.04682,58.5971
Phoca vitulina,-122.887778,47.710167
Phoca vitulina,-68.582568,44.245385
Phoca vitulina,11.90666,57.38752
Phoca vitulina,11.03942,58.58432
Phoca vitulina,11.74479,57.52856
Phoca vitulina,-0.83891,60.57235
Phoca vitulina,-66.077674,45.269119
Phoca vitulina,11.05232,58.54535
Phoca vitulina,-69.298067,43.922967
Phoca vitulina,-66.073899,45.272361
Phoca vitulina,15.98181,56.1973
Phoca vitulina,-122.759476,47.668866
Phoca vitulina,-67.674083,44.511733
Phoca vitulina,11.03207,58.53404
Phoca vitulina,-68.56604,44.18853
Phoca vitulina,-68.715,44.253
Phoca vitulina,-0.4692,49.3378
Phoca vitulina,-122.555117,47.252899
Phoca vitulina,-133.466333,55.935167
Phoca vitulina,-66.073899,45.272361
Phoca vitulina,4.417917,51.07575
Phoca vitulina,12.51873,56.83288
Phoca vitulina,-122.407205,47.375342
Phoca vitulina,-66.073899,45.272361
Phoca vitulina,-68.546158,44.18903
Phoca vitulina,10.9851,58.77759
Phoca vitulina,3.168542,51.331082
Phoca vitulina,-124.42667,42.40167
Phoca vitulina,11.88217,57.50571
Phoca vitulina,10.83136,58.97921
Phoca vitulina,-122.931557,47.141335
Phoca vitulina,-68.664852,44.070512
Phoca vitulina,-69.058658,44.018188
Phoca vitulina,2.0369,50.9986
Phoca vitulina,-122.578853,47.246099
Phoca vitulina,11.65305,57.81126
Phoca vitulina,-157.62833,56.50667
Phoca vitulina,-122.664727,47.949548
Phoca vitulina,-122.33993,47.97555
Phoca vitulina,-67.7075,44.486283
Halichoerus grypus,12.8114,55.3674
Halichoerus grypus,12.91667,55.4
Halichoerus grypus,-59.687816,46.021958
Halichoerus grypus,17.36433,61.5235
Halichoerus grypus,18.97917,59.50233
Halichoerus grypus,-59.684475,46.022156
Halichoerus grypus,-2.211,56.892
Halichoerus grypus,-68.852936,43.633045
Halichoerus grypus,-3.983,57.633
Halichoerus grypus,-5.140794881,54.87151352
Halichoerus grypus,17.22133,58.53567
Halichoerus grypus,-59.684364,46.022544
Halichoerus grypus,17.1781,58.5792
Halichoerus grypus,-1.24422,44.72561
Halichoerus grypus,-63.249133,45.815309
Halichoerus grypus,18.83333,60.36733
Halichoerus grypus,17.525,60.82167
Halichoerus grypus,19.2945,58.38283
Halichoerus grypus,-59.684486,46.023688
Halichoerus grypus,-1.651,55.621
Halichoerus grypus,18.83333,60.36733
Halichoerus grypus,12.91667,55.4
Halichoerus grypus,18.197,57.01367
Halichoerus grypus,19.6165,59.6018
Halichoerus grypus,18.01667,59.33833
Halichoerus grypus,19.63667,59.613
Halichoerus grypus,18.8026,59.066
Halichoerus grypus,-68.523283,44.088302
Halichoerus grypus,17.57067,58.6605
Halichoerus grypus,12.91667,55.4
Halichoerus grypus,-63.24216,45.814649
Halichoerus grypus,21.9754,65.2272
Halichoerus grypus,-59.684881,46.024481
Halichoerus grypus,18.197,57.01367
Halichoerus grypus,19.2945,58.3828
Halichoerus grypus,17.247,61.6335
Halichoerus grypus,-59.685463,46.023286
Halichoerus grypus,-69.729333,47.801
Halichoerus grypus,-2.07,59.27
Halichoerus grypus,19.63667,59.613
Halichoerus grypus,-62.6815,44.6895
Halichoerus grypus,17.36433,61.5235
Halichoerus grypus,-59.684813,46.023205
Halichoerus grypus,19.63667,59.613
Halichoerus grypus,1.6064,50.7692
Halichoerus grypus,24.31667,65.56333
Halichoerus grypus,17.2982,58.5852
Halichoerus grypus,17.1634,58.3105
Halichoerus grypus,18.197,57.01367
Halichoerus grypus,19.63667,59.613
Halichoerus grypus,-60.00256,43.92691
Halichoerus grypus,-59.684632,46.024651
Halichoerus grypus,23.8798,65.6218
Halichoerus grypus,-63.246587,45.815093
Halichoerus grypus,18.6027,58.9707
Halichoerus grypus,17.66433,62.04583
Halichoerus grypus,-59.684182,46.021596
Halichoerus grypus,-4.29226,48.18106
Halichoerus grypus,12.8114,55.3674
Halichoerus grypus,15.7016,55.94803
Halichoerus grypus,17.02117,58.57583
Halichoerus grypus,20.03017,63.41367
Halichoerus grypus,18.197,57.01367
Halichoerus grypus,20.03017,63.41367
Halichoerus grypus,-4.3668,47.81282
Halichoerus grypus,18.197,57.01367
Halichoerus grypus,16.8335,57.60333
Halichoerus grypus,-1.6426,56.25224
Halichoerus grypus,17.40483,58.6005
Halichoerus grypus,-1.55,57.75
Halichoerus grypus,-59.4048,45.2173
Halichoerus grypus,19.5708,59.5711
Halichoerus grypus,-3.214486334,54.05213566
Halichoerus grypus,18.97917,59.50233
Halichoerus grypus,-6.3859801,49.933899
Halichoerus grypus,-59.686562,46.02151
Halichoerus grypus,19.63667,59.613
Halichoerus grypus,18.197,57.01367
Halichoerus grypus,-59.684863,46.021489
Halichoerus grypus,18.197,57.01367
Halichoerus grypus,18.97917,59.50233
Halichoerus grypus,12.91667,55.4
Halichoerus grypus,-4.39581,48.65638
Halichoerus grypus,19.63667,59.613
Halichoerus grypus,-63.249934,45.814883
Halichoerus grypus,19.3444,58.017
Halichoerus grypus,19.63667,59.613
Halichoerus grypus,17.17517,58.31283
Halichoerus grypus,17.6268,58.7017
Halichoerus grypus,18.197,57.01367
Halichoerus grypus,17.17183,58.50533
Halichoerus grypus,1.8383,50.9647
Halichoerus grypus,-59.685098,46.024491
Halichoerus grypus,-59.684312,46.020949
Halichoerus grypus,17.3773,61.5176
Halichoerus grypus,17.36433,61.5235
Halichoerus grypus,-5.983,58.117
Halichoerus grypus,-6.12067,58.493
Halichoerus grypus,12.80907,55.36583
Halichoerus grypus,19.90067,63.42783
Halichoerus grypus,19.6009,59.6212
Halichoerus grypus,19.8971,63.4277
Halichoerus grypus,27.23,70.98
Halichoerus grypus,-9.059851,52.663796
Halichoerus grypus,17.17833,61.46867
Halichoerus grypus,17.2228,58.5747
Halichoerus grypus,-2.57611,58.88446
Halichoerus grypus,-63.243634,45.815008
Halichoerus grypus,17.604,58.66267
Halichoerus grypus,20.03017,63.41367
Halichoerus grypus,19.7296,63.4019
Halichoerus grypus,19.2945,58.38283
Halichoerus grypus,17.40483,58.6005
Halichoerus grypus,19.63667,59.613
Halichoerus grypus,18.197,57.01367
Halichoerus grypus,18.797,59.07283
Halichoerus grypus,17.247,61.6335
Halichoerus grypus,22.788651,58.162063
Halichoerus grypus,18.8258,60.4285
Halichoerus grypus,18.9162,60.2388
Halichoerus grypus,-63.249546,45.815334
Halichoerus grypus,19.90067,63.42783
Halichoerus grypus,12.8114,55.3674
Halichoerus grypus,24.25,70.88
Halichoerus grypus,-4.28599,47.7896
Halichoerus grypus,17.247,61.6335
Halichoerus grypus,12.91667,55.4
Halichoerus grypus,17.10267,58.381
Halichoerus grypus,17.19617,58.58033
Halichoerus grypus,18.06667,57.3
Halichoerus grypus,18.0623,57.3126
Halichoerus grypus,19.63667,59.613
Halichoerus grypus,17.247,61.6335
Halichoerus grypus,18.97917,59.50233
Halichoerus grypus,17.7184,58.7717
Halichoerus grypus,-6.250022,49.953909
Halichoerus grypus,20.0259,63.4127
Halichoerus grypus,18.97917,59.50233
Halichoerus grypus,-59.68479,46.023404
Halichoerus grypus,18.01667,59.33833
Halichoerus grypus,20.0001,63.4132
Halichoerus grypus,19.2945,58.3828
Halichoerus grypus,18.9978,59.5265
Halichoerus grypus,19.63667,59.613
Halichoerus grypus,-1.88162,46.63486
Halichoerus grypus,17.17517,58.31283
Halichoerus grypus,-63.248493,45.814052
Halichoerus grypus,17.36433,61.5235
Halichoerus grypus,-66.4895,44.2895
Halichoerus grypus,-63.245846,45.814584
Halichoerus grypus,-6.400684,49.870362
Halichoerus grypus,-59.687331,46.022793
Halichoerus grypus,18.2437,57.0587
Halichoerus grypus,22.991028,58.98579
Halichoerus grypus,19.63667,59.613
Halichoerus grypus,18.197,57.01367
Halichoerus grypus,17.604,58.66267
Halichoerus grypus,-60.04585,43.93161
Halichoerus grypus,-59.684201,46.021715
Halichoerus grypus,23.8798,65.6218
Halichoerus grypus,16.3749,56.4176
Halichoerus grypus,18.01667,59.33833
Halichoerus grypus,-63.244976,45.814307
Halichoerus grypus,3.08055,51.528033
Halichoerus grypus,19.6127,59.6218
Halichoerus grypus,20.03017,63.41367
Halichoerus grypus,-63.242785,45.815199
Halichoerus grypus,-59.684387,46.024175
Halichoerus grypus,-1.43451,46.19691
Halichoerus grypus,17.56333,62.34333
Halichoerus grypus,-5.178279153,54.95146598
Halichoerus grypus,-1.88162,46.63486
Halichoerus grypus,19.36367,58.02867
Halichoerus grypus,-2.2562,48.6352
Halichoerus grypus,17.57067,58.6605
Halichoerus grypus,-63.244328,45.815059
Halichoerus grypus,-1.61819,49.64115
Halichoerus grypus,15.95,56.425
Halichoerus grypus,-7.783,58.283
Halichoerus grypus,22.392925,58.790622
Halichoerus grypus,19.63667,59.613
Halichoerus grypus,17.02117,58.57583
Halichoerus grypus,-59.685386,46.024332
Halichoerus grypus,17.66433,62.04583
Halichoerus grypus,-63.24917,45.815182
Halichoerus grypus,17.66433,62.04583
Halichoerus grypus,-3.467,58.117
Halichoerus grypus,3.028073,51.278989
Halichoerus grypus,-63.243162,45.815108
Halichoerus grypus,17.40483,58.6005
Halichoerus grypus,-59.685068,46.021479
Halichoerus grypus,18.8026,59.066
Halichoerus grypus,18.97917,59.50233
Halichoerus grypus,22.79333,65.4755
Halichoerus grypus,12.91667,55.4
Halichoerus grypus,17.3773,61.5176
Halichoerus grypus,-59.685591,46.021404
Halichoerus grypus,-4.6792,48.5678
Halichoerus grypus,11.03392,58.58513
Halichoerus grypus,-63.248715,45.815328
Halichoerus grypus,16.1771,56.479
Halichoerus grypus,12.91667,55.4
Halichoerus grypus,17.1634,58.3105
Halichoerus grypus,17.61567,58.704
Halichoerus grypus,22.6165,65.28133
Halichoerus grypus,-59.686725,46.022217
Halichoerus grypus,-63.154833,48.203
Halichoerus grypus,-4.86297,48.0388
Halichoerus grypus,-1.44437,46.22544
Halichoerus grypus,17.525,60.82167
Halichoerus grypus,19.36367,58.02867
Halichoerus grypus,19.63667,59.613
Halichoerus grypus,-66.38667,44.32017
Halichoerus grypus,-4.3668,47.81282
Halichoerus grypus,-63.242902,45.814778
Halichoerus grypus,20.03017,63.41367
Halichoerus grypus,-2.54546,47.29219
Halichoerus grypus,23.8798,65.6218
Halichoerus grypus,18.83333,60.36733
Halichoerus grypus,-4.27042,48.15741
Halichoerus grypus,11.72702,57.52739
Halichoerus grypus,-63.250035,45.815085
Halichoerus grypus,17.142,58.38517
Halichoerus grypus,21.9441,65.2233
Halichoerus grypus,16.8335,57.60333
Halichoerus grypus,18.01667,59.33833
Halichoerus grypus,-1.733,59.05
Halichoerus grypus,17.17517,58.31283
Halichoerus grypus,18.197,57.01367
Halichoerus grypus,19.0885,59.5148
Halichoerus grypus,-59.688544,46.021294
Halichoerus grypus,18.797,59.07283
Halichoerus grypus,-4.605738974,54.06599612
Halichoerus grypus,-59.685712,46.021591
Halichoerus grypus,18.197,57.01367
Halichoerus grypus,12.14038,57.16996
Halichoerus grypus,-59.684994,46.023722
Halichoerus grypus,17.40483,58.6005
Halichoerus grypus,17.525,60.82167
Halichoerus grypus,18.97917,59.50233
Halichoerus grypus,18.197,57.0137
Halichoerus grypus,20.03017,63.41367
Halichoerus grypus,18.197,57.01367
Halichoerus grypus,19.2945,58.3828
Halichoerus grypus,-63.246789,45.814688
Halichoerus grypus,17.36433,61.5235
Halichoerus grypus,-59.686436,46.023126
Halichoerus grypus,-66.39917,44.33367
Halichoerus grypus,16.8335,57.60333
Halichoerus grypus,-59.687399,46.022801
Halichoerus grypus,17.36433,61.5235
Halichoerus grypus,-6.3859801,49.933899
Halichoerus grypus,17.17517,58.31283
Halichoerus grypus,-3.25107,56.03075
Halichoerus grypus,20.03017,63.41367
Halichoerus grypus,18.01667,59.33833
Halichoerus grypus,-6.41266,52.329833
Halichoerus grypus,19.10667,60.31533
Halichoerus grypus,-66.34533,44.34183
Halichoerus grypus,-59.686165,46.023082
Halichoerus grypus,23.8798,65.6218
Halichoerus grypus,17.36433,61.5235
Halichoerus grypus,18.83333,60.36733
Halichoerus grypus,-4.01287,58.62301
Halichoerus grypus,20.03017,63.41367
Halichoerus grypus,-59.685761,46.023677
Halichoerus grypus,18.197,57.01367
Halichoerus grypus,17.247,61.6335
Halichoerus grypus,17.2248,58.536
Halichoerus grypus,18.3523,56.9616
Halichoerus grypus,17.36433,61.5235
Halichoerus grypus,-3.14637611,54.07527711
Halichoerus grypus,18.83333,60.36733
Halichoerus grypus,22.788651,58.162063
Halichoerus grypus,-69.073608,43.965552
Halichoerus grypus,-4.60919,52.1417
Halichoerus grypus,19.5009,59.6241
Halichoerus grypus,12.8114,55.3674
Halichoerus grypus,18.797,59.07283
Halichoerus grypus,18.197,57.01367
Halichoerus grypus,-2.00906,46.74673
Halichoerus grypus,20.038,63.4332
Halichoerus grypus,-59.684748,46.023552
Halichoerus grypus,-3.204418344,54.23201928
Halichoerus grypus,3.22,56.55
Halichoerus grypus,-3.5788,48.7816
Halichoerus grypus,18.797,59.07283
Halichoerus grypus,-59.687326,46.022863
Halichoerus grypus,19.63667,59.613
Halichoerus grypus,-6.371088,49.897787
Halichoerus grypus,19.63667,59.613
Halichoerus grypus,20.03017,63.41367
Halichoerus grypus,-59.9517,46.65
Halichoerus grypus,-59.685811,46.022179
Halichoerus grypus,17.40483,58.6005
Halichoerus grypus,16.3971,56.1921
Halichoerus grypus,-4.71068,48.03237
Halichoerus grypus,-59.686743,46.021336
Halichoerus grypus,-7.03333,57.68333
Halichoerus grypus,17.3773,61.5176
Halichoerus grypus,-59.685199,46.023345
Halichoerus grypus,19.3859,59.6026
Halichoerus grypus,18.197,57.01367
Halichoerus grypus,-3.2581652,54.98650518
Halichoerus grypus,12.91667,55.4
Halichoerus grypus,-63.24655,45.814671
Halichoerus grypus,18.197,57.01367
Halichoerus grypus,17.525,60.82167
Halichoerus grypus,20.03017,63.41367
Halichoerus grypus,19.63667,59.613
Halichoerus grypus,-59.83379,43.93664
Halichoerus grypus,18.2693,58.8613
Halichoerus grypus,-2.717,56.183
Halichoerus grypus,2.5,54.5
Halichoerus grypus,-59.685335,46.024039
Halichoerus grypus,-1.5,55.7
Halichoerus grypus,17.3057,58.589
Halichoerus grypus,-4.682641595,54.07329627
Halichoerus grypus,18.83333,60.36733
Halichoerus grypus,23.8615,65.63533
Halichoerus grypus,17.525,60.82167
Halichoerus grypus,17.36433,61.5235
Halichoerus grypus,-6.398863,49.867948
Halichoerus grypus,18.197,57.01367
Halichoerus grypus,12.91667,55.4
Halichoerus grypus,-63.244158,45.814952
Halichoerus grypus,16.8277,57.6031
Halichoerus grypus,-71.5663,41.3717
Halichoerus grypus,19.36367,58.02867
Halichoerus grypus,17.6267,62.0175
Halichoerus grypus,18.797,59.07283
Halichoerus grypus,18.197,57.01367
Halichoerus grypus,17.17183,58.50533
Halichoerus grypus,3.242598,51.344286
Halichoerus grypus,1.62877,50.49117
Halichoerus grypus,20.03017,63.41367
Halichoerus grypus,17.1351,58.3838
Halichoerus grypus,-59.683733,46.022988
Halichoerus grypus,17.604,58.66267
Halichoerus grypus,18.0623,57.3126
Halichoerus grypus,12.91667,55.4
Halichoerus grypus,-59.68825,46.021273
Halichoerus grypus,20.03017,63.41367
Halichoerus grypus,-4.39581,48.65638
Halichoerus grypus,17.3773,61.5176
Halichoerus grypus,-1.43629,43.70916
Halichoerus grypus,18.01667,59.33833
Halichoerus grypus,19.63667,59.613
Halichoerus grypus,-4.52945,48.6294
Halichoerus grypus,-59.684304,46.022344
Halichoerus grypus,-4.21049,48.6694
Halichoerus grypus,23.087623,58.938102
Halichoerus grypus,19.63667,59.613
Halichoerus grypus,1.9521,50.9894
Halichoerus grypus,17.2228,58.5747
Halichoerus grypus,-61.917,46.4636
Halichoerus grypus,18.01667,59.33833
Halichoerus grypus,17.2602,58.553
Halichoerus grypus,19.63667,59.613
Halichoerus grypus,17.17183,58.50533
Halichoerus grypus,-3.46412,47.63616
Halichoerus grypus,23.8615,65.63533
Halichoerus grypus,19.10667,60.31533
Halichoerus grypus,-3.261665849,54.09659634
Halichoerus grypus,-59.684119,46.022004
Halichoerus grypus,19.2945,58.38283
Halichoerus grypus,-4.761359043,54.10748127
Halichoerus grypus,1.6245,50.5207
Halichoerus grypus,-8.66667,57.85
Halichoerus grypus,22.0475,65.25
Halichoerus grypus,12.91667,55.4
Halichoerus grypus,1.5911,50.8704
Halichoerus grypus,15.95,56.425
Halichoerus grypus,23.8798,65.6218
Halichoerus grypus,-59.685089,46.02458
Halichoerus grypus,-3.452,48.816
Halichoerus grypus,-4.52945,48.6294
Halichoerus grypus,-4.64639,52.1378
Halichoerus grypus,17.36433,61.5235
Halichoerus grypus,-59.686113,46.023225
Halichoerus grypus,-1.32781,44.08615
Halichoerus grypus,17.36433,61.5235
Halichoerus grypus,19.2945,58.38283
Halichoerus grypus,-1.798,55.691
Halichoerus grypus,-59.686141,46.023352
Halichoerus grypus,-72.204,41.307
Halichoerus grypus,-59.684667,46.023554
Halichoerus grypus,-3.263031431,54.14152808
Halichoerus grypus,18.197,57.01367
Halichoerus grypus,18.8026,59.066
Halichoerus grypus,12.91667,55.4
Halichoerus grypus,12.91667,55.4
Halichoerus grypus,1.5782,50.5952
Halichoerus grypus,-59.685769,46.023677
Halichoerus grypus,22.79333,65.4755
Halichoerus grypus,12.8114,55.3674
Halichoerus grypus,-59.683506,46.023722
Halichoerus grypus,-4.60807,48.59744
Halichoerus grypus,16.16667,56.48667
Halichoerus grypus,19.6127,59.6218
Halichoerus grypus,-59.684409,46.022181
Halichoerus grypus,18.83333,60.36733
Halichoerus grypus,-59.68539,46.023696
Halichoerus grypus,18.01667,59.33833
Halichoerus grypus,20.03017,63.41367
Halichoerus grypus,-4.32614,48.66775
Halichoerus grypus,18.197,57.01367
Halichoerus grypus,17.17517,58.31283
Halichoerus grypus,23.8798,65.6218
Halichoerus grypus,18.197,57.01367
Halichoerus grypus,22.0475,65.25
Halichoerus grypus,18.97917,59.50233
Halichoerus grypus,18.619,62.9463
Halichoerus grypus,16.8335,57.60333
Halichoerus grypus,-4.3668,47.81282
Halichoerus grypus,-70.288116,43.441643
Halichoerus grypus,-59.684456,46.02077
Halichoerus grypus,17.57067,58.6605
Halichoerus grypus,-3.168667394,54.05258963
Halichoerus grypus,17.0826,58.3825
Halichoerus grypus,12.91667,55.4
Halichoerus grypus,17.36433,61.5235
Halichoerus grypus,19.63667,59.613
Halichoerus grypus,-3.21569,58.71781
Halichoerus grypus,1.747,50.9445
Halichoerus grypus,-9.514302,51.475039
Halichoerus grypus,-66.0159,42.7132
Halichoerus grypus,19.63667,59.613
Halichoerus grypus,-59.685782,46.022078
Halichoerus grypus,18.197,57.01367
Halichoerus grypus,17.36433,61.5235
Halichoerus grypus,21.814224,58.281981
Halichoerus grypus,11.08039,58.55164
Halichoerus grypus,18.97917,59.50233
Halichoerus grypus,17.3544,61.5234
Halichoerus grypus,18.797,59.07283
Halichoerus grypus,20.03017,63.41367
Halichoerus grypus,-4.36108,48.20553
Halichoerus grypus,-8.672436,54.463806
Halichoerus grypus,-3.245838363,54.07878278
Halichoerus grypus,-1.5681,43.4825
Halichoerus grypus,19.8971,63.4277
Halichoerus grypus,-3.4016,48.8006
Halichoerus grypus,19.2945,58.38283
Halichoerus grypus,12.91667,55.4
Halichoerus grypus,-59.683079,46.024165
Halichoerus grypus,19.90067,63.42783
Halichoerus grypus,-6.39941,49.865237
Halichoerus grypus,17.2955,58.5817
Halichoerus grypus,-4.66292,51.1804
Halichoerus grypus,-59.6843,46.021316
Halichoerus grypus,17.1795,58.5283
Halichoerus grypus,12.91667,55.4
Halichoerus grypus,-62.3274,44.8308
Halichoerus grypus,12.91667,55.4
Halichoerus grypus,19.5009,59.6241
Halichoerus grypus,-3.198954741,54.04330225
Halichoerus grypus,12.8114,55.3674
Halichoerus grypus,18.197,57.01367
Halichoerus grypus,-59.683951,46.023841
Halichoerus grypus,-4.30698,48.64817
Halichoerus grypus,12.91667,55.4
Halichoerus grypus,2.914037,51.234701
Halichoerus grypus,17.3544,61.5234
Halichoerus grypus,18.8178,60.3708
Halichoerus grypus,-59.686255,46.022791
Halichoerus grypus,-59.684191,46.021066
Halichoerus grypus,23.8798,65.6218
Halichoerus grypus,12.8114,55.3674
Halichoerus grypus,-59.688147,46.021968
Halichoerus grypus,17.2921,58.6411
Halichoerus grypus,-2.9608,48.7633
Halichoerus grypus,-70.432835,42.150758
Halichoerus grypus,17.66433,62.04583
Halichoerus grypus,2.5269,51.083
Halichoerus grypus,16.1771,56.479
Halichoerus grypus,19.0862,57.7711
Halichoerus grypus,20.03017,63.41367
Halichoerus grypus,22.0475,65.25
Halichoerus grypus,-63.25122,45.815713
Halichoerus grypus,-2.567,58.85
Halichoerus grypus,17.57067,58.6605
Halichoerus grypus,-59.41,44.21
Halichoerus grypus,15.95,56.425
Halichoerus grypus,-59.684229,46.022016
Halichoerus grypus,-59.685255,46.02334
Halichoerus grypus,16.51103,56.28665
Halichoerus grypus,18.01667,59.33833
Halichoerus grypus,-61.4274,47.80233
Halichoerus grypus,16.40218,56.19528
Halichoerus grypus,18.197,57.01367
Halichoerus grypus,-59.684257,46.021666
Halichoerus grypus,-3.133,56.119
Halichoerus grypus,-59.687325,46.022839
Halichoerus grypus,15.95,56.425
Halichoerus grypus,12.91667,55.4
Halichoerus grypus,16.3749,56.4176
Halichoerus grypus,17.36433,61.5235
Halichoerus grypus,2.92976,51.31567
Halichoerus grypus,17.36433,61.5235
Halichoerus grypus,18.83333,60.36733
Halichoerus grypus,17.36433,61.5235
Halichoerus grypus,-61.894833,46.551
Halichoerus grypus,3.287277,51.354833
Halichoerus grypus,18.197,57.01367
Halichoerus grypus,19.42,59.44
Halichoerus grypus,19.63667,59.613
Halichoerus grypus,17.2955,58.5817
Halichoerus grypus,18.83333,60.36733
Halichoerus grypus,-63.244216,45.814977
Halichoerus grypus,-4.44815,47.97935
Halichoerus grypus,9,64
Halichoerus grypus,-2.923881182,54.03674111
Halichoerus grypus,-64.927737,46.813904
Halichoerus grypus,15.7016,55.94803
Halichoerus grypus,17.36433,61.5235
Halichoerus grypus,18.797,59.07283
Halichoerus grypus,22.788651,58.162063
Halichoerus grypus,17.36433,61.5235
Halichoerus grypus,17.22283,58.57467
Halichoerus grypus,17.1634,58.3105
Halichoerus grypus,17.1351,58.3838
Halichoerus grypus,-1.24422,44.72561
Halichoerus grypus,20.03017,63.41367
Halichoerus grypus,23.8615,65.63533
Halichoerus grypus,18.01667,59.33833
Halichoerus grypus,-3.198954741,54.04330225
Halichoerus grypus,17.2248,58.536
Halichoerus grypus,18.8026,59.066
Halichoerus grypus,11.07856,58.53514
Halichoerus grypus,19.10667,60.31533
Halichoerus grypus,-3.409376267,54.84103477
Halichoerus grypus,17.66433,62.04583
Halichoerus grypus,-6.402123,49.86966
Halichoerus grypus,19.90067,63.42783
Halichoerus grypus,19.8971,63.4277
Halichoerus grypus,19.8971,63.4277
Halichoerus grypus,-1.01207,45.62443
Halichoerus grypus,17.3544,61.5234
Halichoerus grypus,12.91667,55.4
Halichoerus grypus,19.63667,59.613
Halichoerus grypus,12.54014,56.43566
Halichoerus grypus,-10.6,51.31
Halichoerus grypus,16.16313,56.47837
Halichoerus grypus,23.8798,65.6218
Halichoerus grypus,-71.2784,41.4834
Halichoerus grypus,17.09783,58.381
Halichoerus grypus,0.66333,53.755
Halichoerus grypus,18.2437,57.0587
Halichoerus grypus,18.797,59.07283
Halichoerus grypus,18.97917,59.50233
Halichoerus grypus,-3.1133,47.48116
Halichoerus grypus,23.8798,65.6218
Halichoerus grypus,-4.86297,48.0388
Halichoerus grypus,-4.620438643,54.05668506
Halichoerus grypus,19.10667,60.31533
Halichoerus grypus,18.797,59.07283
Halichoerus grypus,17.9705,58.7131
Halichoerus grypus,-59.685147,46.023593
Halichoerus grypus,18.01667,59.33833
Halichoerus grypus,-2.19143,47.15775
Halichoerus grypus,-60.1125,43.894
Halichoerus grypus,12.8114,55.3674
Halichoerus grypus,22.88,70.87
Halichoerus grypus,12.91667,55.4
Halichoerus grypus,16.8277,57.6031
Halichoerus grypus,-5.283,53.3
Halichoerus grypus,-59.684731,46.020763
Halichoerus grypus,-2.5,56.5
Halichoerus grypus,18.631,58.9855
Halichoerus grypus,17.57067,58.6605
Halichoerus grypus,-1.5725,48.8164
Halichoerus grypus,16.8335,57.60333
Halichoerus grypus,17.4083,58.6008
Halichoerus grypus,-59.688268,46.021907
Halichoerus grypus,-9.655751,51.564822
Halichoerus grypus,17.36433,61.5235
Halichoerus grypus,-2.54546,47.29219
Halichoerus grypus,19.6165,59.6018
Halichoerus grypus,18.197,57.01367
Halichoerus grypus,23.8615,65.63533
Halichoerus grypus,-5.233,51.667
Halichoerus grypus,19.63667,59.613
Halichoerus grypus,-59.68582,46.022187
Halichoerus grypus,9,64
Halichoerus grypus,-1.24422,44.72561
Halichoerus grypus,-2.40061,59.35383
Halichoerus grypus,-1.42548,43.75495
Halichoerus grypus,-59.68554,46.022851
Halichoerus grypus,-3.24781,47.37579
Halichoerus grypus,-6.404043,49.873915
Halichoerus grypus,16.8277,57.6031
Halichoerus grypus,-59.684844,46.021482
Halichoerus grypus,19.90067,63.42783
Halichoerus grypus,-1.50808,46.21204
Halichoerus grypus,-1.533,55.483
Halichoerus grypus,12.91667,55.4
Halichoerus grypus,18.2437,57.0587
Halichoerus grypus,-63.244347,45.815028
Halichoerus grypus,16.16667,56.48667
Halichoerus grypus,-10.101354,53.385137
Halichoerus grypus,17.247,61.6335
Halichoerus grypus,16.73333,56.66833
Halichoerus grypus,-7.69222,57.45753
Halichoerus grypus,-3.00017,56.16783
Halichoerus grypus,12.91667,55.4
Halichoerus grypus,17.17517,58.31283
Halichoerus grypus,-8.244315,54.570547
Halichoerus grypus,18.97917,59.50233
Halichoerus grypus,18.797,59.07283
Halichoerus grypus,-10.011789,53.81178
Halichoerus grypus,-59.6854,46.021557
Halichoerus grypus,-59.686255,46.021121
Halichoerus grypus,51.736497,2.203675
Halichoerus grypus,22.871876,59.084794
Halichoerus grypus,19.2945,58.38283
Halichoerus grypus,-4.52945,48.6294
Halichoerus grypus,12.91667,55.4
Halichoerus grypus,18.2437,57.0587
Halichoerus grypus,17.3773,61.5176
Halichoerus grypus,-1.8372,49.7077
Halichoerus grypus,-68.634705,41.770992
Halichoerus grypus,-59.683135,46.023884
Halichoerus grypus,17.36433,61.5235
Halichoerus grypus,2.5269,51.083
Halichoerus grypus,1.747,50.9445
Halichoerus grypus,-3.5,58.5
Halichoerus grypus,18.797,59.07283
Halichoerus grypus,-59.683674,46.023727
Halichoerus grypus,-1.39298,45.97554
Halichoerus grypus,16.16667,56.48667
Halichoerus grypus,18.8026,59.066
Halichoerus grypus,-3.6092,48.6696
Halichoerus grypus,1.5557,50.4013
Halichoerus grypus,-59.812,46.4732
Halichoerus grypus,17.36433,61.5235
Halichoerus grypus,17.36433,61.5235
Halichoerus grypus,19.63667,59.613
Halichoerus grypus,-59.688506,46.021224
Halichoerus grypus,-5.50518,51.78912
Halichoerus grypus,-1.43774,43.67081
Halichoerus grypus,20.03017,63.41367
Halichoerus grypus,-63.25211,45.815715
Halichoerus grypus,23.8798,65.6218
Halichoerus grypus,19.6009,59.6212
Halichoerus grypus,-63.249702,45.815452
Halichoerus grypus,24.31667,65.56333
Halichoerus grypus,22.786396,58.162448
Halichoerus grypus,-8.63878,55.5901
Halichoerus grypus,18.97917,59.50233
Halichoerus grypus,18.197,57.01367
Halichoerus grypus,18.97917,59.50233
Halichoerus grypus,12.91667,55.4
Halichoerus grypus,23.8615,65.63533
Halichoerus grypus,-59.683814,46.023294
Halichoerus grypus,19.63667,59.613
Halichoerus grypus,-7.46,58.85
Halichoerus grypus,-63.250783,45.815546
Halichoerus grypus,-4.788902102,54.0618862
Halichoerus grypus,19.63667,59.613
Halichoerus grypus,-59.686079,46.02292
Halichoerus grypus,-1.783,59.1
Halichoerus grypus,18.83333,60.36733
Halichoerus grypus,16.16667,56.48667
Halichoerus grypus,17.36433,61.5235
Halichoerus grypus,16.3749,56.4176
Halichoerus grypus,17.4083,58.6008
Halichoerus grypus,16.16667,56.48667
Halichoerus grypus,17.4006,61.5211
Halichoerus grypus,-4.07419,47.86975
Halichoerus grypus,5.763785,54.247549
Halichoerus grypus,22.55767,65.70883
Halichoerus grypus,-59.686378,46.022289
Halichoerus grypus,17.0995,58.38
Halichoerus grypus,-59.685197,46.022002
Halichoerus grypus,17.22283,58.57467
Halichoerus grypus,-59.684752,46.024571
Halichoerus grypus,-59.685594,46.021559
Halichoerus grypus,20.03017,63.41367
Halichoerus grypus,20.0259,63.4127
Halichoerus grypus,-4.02632,47.84834
Halichoerus grypus,17.6128,58.7034
Halichoerus grypus,-59.684101,46.022036
Halichoerus grypus,17.525,60.82167
Halichoerus grypus,-3.34624,58.71226
Halichoerus grypus,17.08333,58.39
Halichoerus grypus,-59.684613,46.024659
Halichoerus grypus,-66.5245,44.258
Halichoerus grypus,2.483333,51.426667
Halichoerus grypus,17.1702,58.5219
Halichoerus grypus,12.91667,55.4
Halichoerus grypus,-2.6079,48.5506
Halichoerus grypus,17.22283,58.57467
Halichoerus grypus,22.454432,58.663965
Halichoerus grypus,2.3367,51.0567
Halichoerus grypus,-2.2797,46.98124
Halichoerus grypus,-59.685193,46.020822
Halichoerus grypus,-59.686156,46.021153
Halichoerus grypus,18.197,57.01367
Halichoerus grypus,-2.25792,47.02739
Halichoerus grypus,17.247,61.6335
Halichoerus grypus,-59.686415,46.021669
Halichoerus grypus,17.02117,58.57583
Halichoerus grypus,17.4146,61.5211
Halichoerus grypus,18.97917,59.50233
Halichoerus grypus,18.97917,59.50233
Halichoerus grypus,17.1001,58.3772
Halichoerus grypus,18.83333,60.36733
Halichoerus grypus,-4.77022,48.34763
Halichoerus grypus,29.73,70.63
Halichoerus grypus,17.17517,58.31283
Halichoerus grypus,19.0862,57.7711
Halichoerus grypus,18.197,57.01367
Halichoerus grypus,-59.686707,46.021704
Halichoerus grypus,18.97917,59.50233
Halichoerus grypus,12.91667,55.4
Halichoerus grypus,-3.16425,47.36063
Halichoerus grypus,19.36367,58.02867
Halichoerus grypus,-59.686819,46.021929
Halichoerus grypus,17.0985,58.36383
Halichoerus grypus,-59.68796,46.021373
Halichoerus grypus,18.01667,59.33833
Halichoerus grypus,17.3773,61.5176
Halichoerus grypus,-2.83333,58.63333
Halichoerus grypus,-63.24642,45.814622
Halichoerus grypus,17.1027,58.3944
Halichoerus grypus,17.36433,61.5235
Halichoerus grypus,-68.753917,44.25555
Halichoerus grypus,18.97917,59.50233
Halichoerus grypus,18.9978,59.5265
Halichoerus grypus,15.95,56.425
Halichoerus grypus,-3.98676,48.7275
Halichoerus grypus,-1.8279,49.4576
Halichoerus grypus,-59.68791,46.022146
Halichoerus grypus,17.10267,58.381
Halichoerus grypus,18.01667,59.33833
Halichoerus grypus,2.588026,51.104404
Halichoerus grypus,18.83333,60.36733
Halichoerus grypus,12.91667,55.4
Halichoerus grypus,18.83333,60.36733
Halichoerus grypus,19.2945,58.38283
Halichoerus grypus,1.61042,50.66336
Halichoerus grypus,-59.684794,46.020841
Halichoerus grypus,-59.685532,46.020886
Halichoerus grypus,19.6009,59.6212
Halichoerus grypus,-2.81667,58.75
Halichoerus grypus,15.95,56.425
Halichoerus grypus,15.95,56.425
Halichoerus grypus,-65.79879761,43.73400116
Halichoerus grypus,-59.684377,46.023496
Halichoerus grypus,-4.21049,48.6694
Halichoerus grypus,18.01667,59.33833
Halichoerus grypus,-59.684101,46.021989
Halichoerus grypus,-59.686326,46.021572
Halichoerus grypus,-3.133,53.533
Halichoerus grypus,17.247,61.6335
Halichoerus grypus,18.797,59.07283
Halichoerus grypus,19.63667,59.613
Halichoerus grypus,-59.686505,46.021367
Halichoerus grypus,18.197,57.01367
Halichoerus grypus,-63.245454,45.814786
Halichoerus grypus,17.1735,58.5095
Halichoerus grypus,16.3971,56.1921
Halichoerus grypus,-3.264400749,54.18645946
Halichoerus grypus,-4.322,48.3962
Halichoerus grypus,-59.684961,46.021124
Halichoerus grypus,17.0995,58.38
Halichoerus grypus,-63.247904,45.814958
Halichoerus grypus,18.797,59.07283
Halichoerus grypus,18.797,59.07283
Halichoerus grypus,1.9521,50.9894
Halichoerus grypus,12.91667,55.4
Halichoerus grypus,17.36433,61.5235
Halichoerus grypus,17.40483,58.6005
Halichoerus grypus,-4.3668,47.81282
Halichoerus grypus,12.91667,55.4
Halichoerus grypus,18.8071,60.3688
Halichoerus grypus,-52.0722,51.4748
Halichoerus grypus,18.9978,59.5265
Halichoerus grypus,17.36433,61.5235
Halichoerus grypus,19.3823,59.3873
Halichoerus grypus,18.01667,59.33833
Halichoerus grypus,-4.40321,48.10482
Halichoerus grypus,18.6358,59.0017
Halichoerus grypus,-5.301431,50.262534
Halichoerus grypus,-63.245213,45.814299
Halichoerus grypus,17.36433,61.5235
Halichoerus grypus,-3.183685054,54.04345353
Halichoerus grypus,16.16667,56.48667
Halichoerus grypus,19.6165,59.6018
Halichoerus grypus,-3.35315,47.70297
Halichoerus grypus,22.454432,58.663965
Halichoerus grypus,20.03017,63.41367
Halichoerus grypus,22.0475,65.25
Halichoerus grypus,26.535274,59.654955
Halichoerus grypus,16.16313,56.47837
Halichoerus grypus,18.97917,59.50233
Halichoerus grypus,-59.684764,46.023394
Halichoerus grypus,20.03017,63.41367
Halichoerus grypus,-10.233,51.533
Halichoerus grypus,17.604,58.66267
Halichoerus grypus,23.775667,59.344518
Halichoerus grypus,17.1732,58.56
Halichoerus grypus,19.63667,59.613
Halichoerus grypus,19.63667,59.613
Halichoerus grypus,17.525,60.82167
Halichoerus grypus,19.6127,59.6218
Halichoerus grypus,19.10667,60.31533
Halichoerus grypus,-59.684682,46.021098
Halichoerus grypus,18.97917,59.50233
Halichoerus grypus,18.797,59.07283
Halichoerus grypus,-4.77907,48.44705
Halichoerus grypus,2.892546,51.224631
Halichoerus grypus,20.03017,63.41367
Halichoerus grypus,12.14038,57.16996
Halichoerus grypus,-63.244341,45.814533
Halichoerus grypus,-1.133,60.067
Halichoerus grypus,19.4831,59.4223
Halichoerus grypus,-2.25792,47.02739
Halichoerus grypus,16.1771,56.479
Halichoerus grypus,22.556008,58.099072
Halichoerus grypus,18.2437,57.0587
Halichoerus grypus,18.83333,60.36733
Halichoerus grypus,18.797,59.07283
Halichoerus grypus,12.91667,55.4
Halichoerus grypus,17.36433,61.5235
Halichoerus grypus,-59.68421,46.022713
Halichoerus grypus,18.97917,59.50233
Halichoerus grypus,-1.5577,46.23631
Halichoerus grypus,11.34705,58.08133
Halichoerus grypus,23.040764,58.966464
Halichoerus grypus,-4.32614,48.66775
Halichoerus grypus,-4.37267,47.90806
Halichoerus grypus,-9.28,57.74
Halichoerus grypus,-63.245441,45.814772
Halichoerus grypus,-59.68588,46.023021
Halichoerus grypus,-4.44815,47.97935
Halichoerus grypus,19.63667,59.613
Halichoerus grypus,18.197,57.01367
Halichoerus grypus,18.8071,60.3688
Halichoerus grypus,18.983,59.5028
Halichoerus grypus,-1.65,57.75
Halichoerus grypus,17.3773,61.5176
Halichoerus grypus,-4.52945,48.6294
Halichoerus grypus,-1.19751,44.98592
Halichoerus grypus,-3.13847,47.56144
Halichoerus grypus,17.1795,58.5283
Halichoerus grypus,17.40483,58.6005
Halichoerus grypus,-59.685083,46.024471
Halichoerus grypus,18.83333,60.36733
Halichoerus grypus,-60.2436,43.9022
Halichoerus grypus,-72.1478,40.2581
Halichoerus grypus,17.6522,58.7111
Halichoerus grypus,-59.684493,46.022109
Halichoerus grypus,15.705,55.92833
Halichoerus grypus,-3.14637611,54.07527711
Halichoerus grypus,19.10667,60.31533
Halichoerus grypus,16.16667,56.48667
Halichoerus grypus,-59.685199,46.021995
Halichoerus grypus,2.588026,51.104404
Halichoerus grypus,-1.5,55.5
Halichoerus grypus,20.03017,63.41367
Halichoerus grypus,-2.767,58.533
Halichoerus grypus,17.2816,58.5797
Halichoerus grypus,-59.686059,46.020961
Halichoerus grypus,-3.883,57.717
Halichoerus grypus,20.03017,63.41367
Halichoerus grypus,19.63667,59.613
Halichoerus grypus,19.90067,63.42783
Halichoerus grypus,0.61603,53.72904
Halichoerus grypus,-66.46617,44.23033
Halichoerus grypus,18.197,57.01367
Halichoerus grypus,-59.68645,46.023088
Halichoerus grypus,17.61567,58.704
Halichoerus grypus,-1.81587,46.50171
Halichoerus grypus,-1.35,55.83333
Halichoerus grypus,1.5935,50.7311
Halichoerus grypus,19.5009,59.6241
Halichoerus grypus,19.63667,59.613
Halichoerus grypus,-6.194,58.176
Halichoerus grypus,16.64088,56.52244
Halichoerus grypus,17.36433,61.5235
Halichoerus grypus,-72.026111,41.329722
Halichoerus grypus,-63.244969,45.814746
Halichoerus grypus,22.79333,65.4755
Halichoerus grypus,20.03017,63.41367
Halichoerus grypus,15.6996,55.9493
Halichoerus grypus,12.91667,55.4
Halichoerus grypus,12.8114,55.3674
Halichoerus grypus,19.1888,59.3067
Halichoerus grypus,16.16667,56.48667
Halichoerus grypus,-4.36108,48.20553
Halichoerus grypus,19.10667,60.31533
Halichoerus grypus,17.3773,61.5176
Halichoerus grypus,12.80907,55.36583
Halichoerus grypus,19.63667,59.613
Halichoerus grypus,-59.68323,46.024059
Halichoerus grypus,17.3773,61.5176
Halichoerus grypus,19.63667,59.613
Halichoerus grypus,22.392925,58.790622
Halichoerus grypus,19.63667,59.613
Halichoerus grypus,-6.13333,59.23333
Halichoerus grypus,17.247,61.6335
Halichoerus grypus,-59.687208,46.022266
Halichoerus grypus,-2.33863,46.71287
Halichoerus grypus,18.01667,59.33833
Halichoerus grypus,17.525,60.82167
Halichoerus grypus,2.63119,51.122241
Halichoerus grypus,18.97917,59.50233
Halichoerus grypus,-4.7347,48.55039
Halichoerus grypus,18.197,57.01367
Halichoerus grypus,-7.433,56.267
Halichoerus grypus,-10.136304,53.392606
Halichoerus grypus,19.63667,59.613
Halichoerus grypus,-70.9093,41.4422
Halichoerus grypus,1.6064,50.7692
Halichoerus grypus,17.17517,58.31283
Halichoerus grypus,-67.03070068,44.90299988
Halichoerus grypus,12.91667,55.4
Halichoerus grypus,-3.226092954,54.95986882
Halichoerus grypus,15.95,56.425
Halichoerus grypus,20.03017,63.41367
Halichoerus grypus,23.8615,65.63533
Halichoerus grypus,19.3965,59.4212
Halichoerus grypus,-68.775917,43.867367
Halichoerus grypus,-66.37779999,44.20999908
Halichoerus grypus,11.72702,57.52739
Halichoerus grypus,17.36433,61.5235
Halichoerus grypus,18.197,57.01367
Halichoerus grypus,-59.686109,46.023079
Halichoerus grypus,-68.526649,41.770687
Halichoerus grypus,17.2602,58.553
Halichoerus grypus,-2.67453,56.2131
Halichoerus grypus,-3.183685054,54.04345353
Halichoerus grypus,10.84817,58.97376
Halichoerus grypus,17.247,61.6335
Halichoerus grypus,17.2921,58.6411
Halichoerus grypus,17.36433,61.5235
Halichoerus grypus,-59.687754,46.022082
Halichoerus grypus,-59.685311,46.023006
Halichoerus grypus,-1.6,55.628
Halichoerus grypus,17.17517,58.31283
Halichoerus grypus,16.8335,57.60333
Halichoerus grypus,12.14038,57.16996
Halichoerus grypus,17.1702,58.5219
Halichoerus grypus,23.8798,65.6218
Halichoerus grypus,-1.675,55.629
Halichoerus grypus,-59.684193,46.024207
Halichoerus grypus,18.197,57.01367
Halichoerus grypus,-3.5,51.5
Halichoerus grypus,19.6127,59.6218
Halichoerus grypus,20.03017,63.41367
Halichoerus grypus,-59.68681,46.022803
Halichoerus grypus,-59.684365,46.021165
Halichoerus grypus,17.1847,58.5707
Halichoerus grypus,17.0212,58.5758
Halichoerus grypus,-63.243548,45.815335
Halichoerus grypus,-59.685878,46.02108
Halichoerus grypus,18.797,59.07283
Halichoerus grypus,-2.51525,58.64975
Halichoerus grypus,-3.13847,47.56144
Halichoerus grypus,-71.361,41.479
Halichoerus grypus,12.8114,55.3674
Halichoerus grypus,-4.02632,47.84834
Halichoerus grypus,-59.688252,46.021198
Halichoerus grypus,-59.684598,46.024665
Halichoerus grypus,17.1761,58.5741
Halichoerus grypus,18.97917,59.50233
Halichoerus grypus,16.384,56.41867
Halichoerus grypus,17.22283,58.57467
Halichoerus grypus,-2.75,58.183
Halichoerus grypus,29.08,71
Halichoerus grypus,18.8258,60.4285
Halichoerus grypus,22.79333,65.4755
Halichoerus grypus,15.95,56.425
Halichoerus grypus,12.91667,55.4
Halichoerus grypus,2.4413,51.0601
Halichoerus grypus,-4.52945,48.6294
Halichoerus grypus,-59.687581,46.022388
Halichoerus grypus,-4.34562,47.83602
Halichoerus grypus,17.40483,58.6005
Halichoerus grypus,21.8041535,58.4917874
Halichoerus grypus,15.95,56.425
Halichoerus grypus,-10.044104,53.382537
Halichoerus grypus,16.64088,56.52244
Halichoerus grypus,17.66433,62.04583
Halichoerus grypus,19.392,59.3935
Halichoerus grypus,-59.688376,46.021861
Halichoerus grypus,19.63667,59.613
Halichoerus grypus,-59.687993,46.022159
Halichoerus grypus,12.91667,55.4
Halichoerus grypus,18.197,57.01367
Halichoerus grypus,-71.8025,41.322777
Halichoerus grypus,-4.34562,47.83602
Halichoerus grypus,-2.17158,46.93028
Halichoerus grypus,19.63667,59.613
Halichoerus grypus,19.1888,59.3067
Halichoerus grypus,18.3523,56.9616
Halichoerus grypus,-4.60931,52.1419
Halichoerus grypus,-59.684283,46.023995